CUSTNO,cluster
6,4
11,1
12,4
13,0
16,0
17,3
19,4
20,0
22,4
25,4
27,4
28,0
30,4
31,4
32,0
33,0
35,4
39,4
40,4
41,4
42,0
43,0
44,1
45,1
46,1
54,0
56,1
57,0
59,4
60,3
63,0
66,0
67,0
69,0
76,4
77,3
78,4
80,4
85,4
87,1
88,3
92,3
93,1
94,3
95,2
101,0
106,4
107,1
108,4
111,0
112,1
116,0
121,4
122,3
124,1
129,0
138,1
141,0
143,0
147,3
148,0
154,4
159,1
163,2
166,3
167,1
168,1
169,2
170,0
173,2
175,0
178,4
179,4
180,4
181,1
187,4
188,0
190,1
192,4
193,0
195,0
196,3
197,3
198,3
202,1
204,4
210,0
211,4
213,3
214,4
215,2
217,2
218,1
220,2
223,1
225,1
226,2
228,2
230,4
233,4
236,0
239,1
240,4
242,2
243,0
248,3
251,1
256,1
257,2
258,1
271,1
272,3
273,3
274,0
277,4
281,1
282,1
284,4
286,4
287,0
291,0
293,3
300,2
301,4
303,4
304,1
306,1
309,1
314,1
315,3
322,2
326,3
330,0
332,3
333,4
334,1
336,4
341,1
343,1
346,4
350,4
354,0
358,1
360,2
361,3
362,2
366,0
367,1
368,3
370,2
371,2
373,3
375,4
376,0
378,3
379,1
384,2
389,0
391,3
392,4
393,1
394,4
395,2
396,4
398,1
399,1
400,1
402,1
403,0
404,3
406,0
410,0
414,3
417,1
419,4
424,0
425,2
429,4
430,1
431,1
433,1
435,4
437,0
439,0
442,0
445,0
446,2
447,3
450,1
452,0
455,4
456,3
458,0
465,2
466,3
467,4
472,0
473,2
475,3
480,1
482,0
483,4
484,1
487,0
490,4
493,0
494,1
495,0
497,2
499,2
501,3
503,3
505,1
506,4
507,1
512,0
513,1
514,4
515,3
516,0
519,3
521,3
523,0
528,0
532,3
533,0
537,0
539,3
540,4
543,0
544,1
545,1
549,3
550,3
551,2
552,4
558,4
560,1
561,1
566,1
568,0
572,3
577,1
578,4
579,0
580,2
587,1
589,4
590,4
593,1
594,1
595,1
598,4
599,1
602,1
604,1
609,0
611,4
613,3
614,1
621,0
624,0
625,4
626,0
629,2
636,4
642,1
643,1
649,4
651,4
652,1
653,2
654,1
659,0
662,2
663,0
664,3
666,0
672,1
677,4
683,2
685,0
687,1
693,3
694,3
697,3
698,4
702,0
704,1
705,2
707,4
712,4
715,1
717,1
719,0
720,2
721,0
724,0
725,0
726,2
727,3
728,1
729,4
732,1
735,3
737,4
740,2
742,1
743,2
746,1
750,2
751,0
752,1
757,3
758,1
759,3
760,0
763,3
765,1
766,3
767,1
768,4
769,3
770,1
775,4
780,1
782,0
785,4
786,1
787,1
788,3
791,1
795,1
796,3
799,3
807,1
808,4
817,1
818,3
822,3
823,3
824,2
829,2
831,0
832,1
834,2
835,3
836,0
837,0
840,4
843,2
844,3
850,1
853,0
854,4
855,1
858,1
860,0
862,0
863,1
865,1
871,0
877,2
881,2
882,3
883,1
886,1
887,1
888,2
889,4
891,2
892,0
894,1
898,4
899,1
900,0
901,4
904,1
906,3
909,0
910,0
915,1
917,0
919,1
920,4
924,1
925,1
933,0
936,1
937,3
938,0
939,1
940,2
945,2
948,4
949,1
950,4
951,2
953,1
954,1
957,1
958,3
964,2
967,4
968,3
973,3
974,1
976,0
978,1
979,0
980,0
981,2
982,1
983,2
984,4
986,3
987,0
989,4
992,1
993,1
999,3
1000,0
1003,0
1009,2
1010,0
1011,3
1012,0
1014,1
1015,4
1017,1
1021,2
1025,1
1026,1
1030,4
1033,3
1036,4
1050,0
1055,2
1056,2
1057,1
1060,3
1061,1
1063,0
1068,0
1070,0
1071,1
1073,1
1074,4
1081,0
1082,0
1083,0
1095,1
1097,4
1100,4
1110,1
1111,1
1115,3
1116,0
1122,3
1124,3
1125,2
1126,1
1127,3
1134,3
1135,4
1140,2
1146,4
1154,3
1157,1
1158,4
1159,0
1160,0
1161,1
1164,1
1165,4
1167,0
1169,2
1170,0
1172,1
1176,1
1179,3
1181,1
1182,2
1184,2
1188,0
1189,1
1190,2
1191,4
1196,4
1198,2
1200,3
1201,2
1207,1
1210,2
1213,4
1215,4
1225,2
1228,2
1230,1
1234,2
1235,4
1236,0
1238,1
1240,1
1247,3
1249,0
1252,2
1254,3
1255,1
1256,0
1260,0
1268,1
1270,0
1272,1
1277,3
1279,3
1280,2
1284,1
1287,1
1289,1
1290,1
1291,1
1297,4
1299,2
1300,2
1302,1
1304,2
1308,3
1310,3
1311,3
1313,1
1315,4
1316,1
1317,1
1318,0
1320,2
1324,0
1325,4
1329,4
1337,0
1339,2
1340,1
1343,3
1344,1
1346,3
1347,1
1352,2
1353,4
1355,1
1358,4
1360,1
1361,4
1362,0
1365,1
1367,1
1370,4
1374,2
1375,1
1378,1
1386,2
1390,0
1392,0
1393,2
1395,4
1397,0
1399,4
1402,0
1404,2
1407,1
1408,3
1410,0
1414,2
1419,4
1422,1
1426,1
1427,2
1429,0
1431,4
1436,4
1439,4
1441,3
1443,3
1445,1
1447,4
1454,4
1456,2
1457,1
1458,1
1460,3
1461,1
1464,2
1465,1
1466,0
1467,1
1470,1
1471,1
1474,2
1475,2
1478,0
1479,1
1481,4
1482,2
1484,2
1485,0
1487,4
1488,4
1489,4
1492,1
1496,2
1497,2
1502,1
1503,2
1505,4
1506,0
1508,0
1511,2
1512,1
1513,3
1514,3
1522,0
1523,1
1524,1
1525,0
1526,1
1527,4
1529,2
1531,0
1532,2
1538,1
1542,3
1543,2
1544,2
1547,4
1548,3
1549,0
1552,4
1553,0
1555,0
1557,2
1561,1
1564,2
1565,0
1567,3
1569,1
1570,4
1571,4
1572,2
1573,2
1575,1
1579,1
1581,4
1583,4
1586,2
1588,3
1590,2
1592,1
1595,0
1598,2
1600,0
1608,2
1610,0
1611,2
1614,4
1616,1
1617,1
1619,1
1621,4
1623,2
1625,4
1628,1
1629,4
1635,1
1636,0
1658,4
1661,2
1665,0
1666,1
1672,0
1675,1
1676,2
1678,1
1679,1
1690,2
1692,3
1693,1
1695,1
1696,1
1698,2
1703,0
1705,4
1706,0
1708,3
1712,0
1714,4
1720,2
1726,4
1727,0
1730,3
1732,3
1734,0
1735,2
1737,0
1738,1
1739,1
1741,1
1743,0
1745,1
1747,4
1748,1
1754,1
1757,0
1758,0
1759,4
1760,1
1763,3
1766,1
1767,2
1768,4
1769,4
1770,4
1773,0
1774,0
1776,0
1778,0
1779,2
1780,1
1782,1
1784,1
1787,0
1789,4
1793,4
1797,2
1798,1
1800,2
1801,3
1817,4
1819,2
1820,0
1823,1
1825,1
1827,0
1830,2
1831,2
1833,0
1834,1
1843,1
1845,2
1847,1
1851,2
1852,1
1854,2
1856,4
1858,2
1860,2
1863,4
1866,4
1871,4
1878,1
1880,1
1882,2
1883,0
1884,0
1886,4
1889,1
1890,0
1892,4
1893,0
1897,0
1899,1
1901,1
1904,2
1908,3
1909,1
1910,3
1912,2
1914,2
1921,0
1922,1
1923,4
1928,1
1934,1
1935,2
1938,3
1940,2
1943,4
1945,1
1947,2
1951,2
1955,0
1956,1
1958,2
1960,0
1961,1
1962,0
1963,1
1966,0
1967,4
1969,4
1970,0
1972,0
1975,0
1977,2
1978,4
1979,0
1982,3
1989,1
1992,1
1993,1
1995,4
1998,1
1999,4
2011,2
2012,4
2016,1
2018,4
2020,2
2022,2
2025,1
2028,2
2032,0
2037,1
2044,0
2046,1
2047,0
2053,0
2054,1
2056,1
2061,0
2063,2
2065,0
2067,4
2072,3
2074,1
2075,2
2076,4
2077,2
2080,1
2082,0
2086,0
2087,1
2088,2
2094,0
2101,2
2103,0
2104,0
2106,0
2107,4
2113,0
2115,4
2119,1
2128,1
2130,4
2131,4
2132,0
2133,4
2135,2
2136,3
2137,4
2138,1
2140,0
2141,0
2142,2
2145,1
2147,1
2151,0
2152,3
2154,3
2157,4
2161,4
2162,3
2163,2
2164,2
2168,1
2174,2
2175,4
2176,0
2179,1
2180,2
2181,4
2182,0
2183,0
2184,1
2185,1
2188,0
2189,4
2195,1
2196,2
2197,4
2198,1
2205,1
2206,1
2207,1
2208,0
2211,4
2215,0
2216,1
2217,1
2218,1
2223,1
2224,1
2225,3
2227,2
2229,3
2230,1
2231,4
2236,4
2243,4
2244,1
2245,0
2246,0
2247,0
2250,0
2253,2
2254,1
2255,0
2256,1
2257,2
2258,1
2259,1
2260,4
2266,3
2267,0
2269,3
2270,0
2273,0
2275,1
2277,3
2279,0
2281,0
2283,2
2285,2
2288,1
2289,4
2293,1
2301,1
2302,1
2303,2
2307,0
2315,1
2316,2
2317,0
2318,0
2320,4
2321,2
2324,2
2326,2
2327,1
2330,2
2331,0
2332,4
2335,4
2339,1
2341,1
2342,0
2348,0
2349,0
2350,4
2353,3
2357,0
2359,0
2360,0
2361,1
2369,4
2372,4
2374,1
2375,4
2377,0
2380,3
2383,3
2384,1
2386,4
2397,2
2400,4
2401,4
2407,2
2410,0
2411,1
2414,3
2415,3
2419,2
2420,1
2430,3
2431,4
2432,2
2435,1
2437,1
2438,1
2439,1
2442,2
2445,2
2447,2
2452,2
2454,0
2456,3
2458,1
2463,4
2464,1
2465,1
2466,0
2471,1
2474,1
2475,3
2477,1
2479,0
2481,1
2482,4
2483,2
2486,1
2489,0
2490,4
2491,2
2492,2
2496,1
2497,1
2498,1
2499,1
2500,0
2502,3
2504,1
2508,0
2510,1
2511,0
2513,1
2516,2
2517,3
2518,2
2519,2
2520,3
2522,1
2525,1
2526,1
2529,2
2530,2
2532,0
2533,2
2534,1
2535,0
2537,0
2538,1
2543,3
2545,0
2546,1
2549,0
2553,4
2556,1
2557,3
2558,4
2564,2
2568,0
2571,3
2573,3
2579,2
2583,4
2584,2
2585,2
2590,1
2592,3
2599,2
2603,0
2606,2
2607,4
2608,3
2609,2
2610,2
2611,0
2614,0
2616,1
2617,0
2618,2
2622,2
2623,1
2630,2
2631,4
2634,1
2635,2
2636,2
2637,2
2639,1
2640,1
2641,1
2644,3
2651,0
2652,4
2653,1
2654,4
2656,1
2658,2
2659,2
2660,4
2661,1
2664,4
2668,0
2669,4
2670,2
2673,2
2674,0
2676,0
2678,4
2679,3
2682,1
2683,3
2684,3
2690,1
2696,4
2698,4
2699,0
2703,0
2710,4
2711,0
2713,0
2715,4
2717,3
2718,4
2721,0
2722,4
2724,4
2725,1
2730,2
2731,4
2733,0
2735,1
2736,0
2737,3
2739,2
2740,4
2741,1
2742,1
2744,2
2746,4
2749,3
2754,3
2755,2
2756,1
2758,2
2759,3
2760,3
2763,1
2764,0
2765,2
2766,0
2768,4
2769,2
2771,1
2776,1
2777,1
2780,4
2782,1
2783,0
2784,2
2785,2
2788,0
2790,2
2794,3
2796,1
2797,1
2799,0
2800,1
2801,0
2802,2
2803,0
2804,1
2807,2
2810,1
2811,3
2812,1
2813,2
2815,2
2823,4
2825,2
2826,3
2830,1
2835,0
2836,1
2838,4
2839,0
2841,0
2842,0
2843,1
2847,0
2849,1
2853,2
2854,2
2857,4
2860,4
2863,1
2864,4
2865,2
2866,0
2867,3
2870,1
2871,1
2872,2
2873,2
2876,1
2877,0
2881,0
2883,0
2888,4
2889,2
2891,1
2892,1
2895,0
2896,1
2899,3
2904,3
2905,0
2906,4
2907,0
2908,3
2909,0
2910,4
2911,2
2913,0
2914,0
2918,1
2919,0
2921,0
2922,2
2925,4
2926,3
2927,4
2928,4
2930,2
2933,4
2935,2
2939,0
2940,4
2943,2
2947,1
2948,0
2951,4
2952,0
2954,3
2955,0
2956,0
2958,4
2960,2
2962,1
2963,0
2966,4
2968,4
2969,2
2972,3
2974,1
2975,4
2982,1
2984,2
2987,1
2988,0
2993,2
2997,1
3002,0
3004,2
3008,2
3017,4
3018,4
3019,2
3028,0
3029,1
3031,4
3032,3
3034,4
3035,2
3037,1
3039,2
3042,0
3043,4
3045,1
3046,0
3047,1
3049,2
3050,4
3051,1
3054,1
3057,0
3059,4
3065,0
3071,0
3073,0
3075,0
3077,4
3079,1
3080,4
3084,2
3085,1
3089,0
3091,0
3092,1
3093,0
3094,4
3099,2
3101,0
3104,4
3105,1
3107,2
3108,2
3110,4
3111,2
3116,4
3117,4
3118,1
3120,4
3121,2
3122,1
3123,4
3124,4
3125,2
3126,4
3127,0
3129,0
3130,1
3131,0
3133,1
3134,2
3137,2
3138,4
3139,0
3145,4
3146,0
3147,1
3149,1
3150,1
3152,0
3156,4
3160,1
3163,2
3167,2
3169,2
3170,2
3172,2
3180,1
3183,3
3185,0
3186,2
3194,2
3197,4
3199,4
3201,1
3203,4
3204,1
3205,1
3206,1
3209,0
3214,1
3215,4
3218,4
3219,2
3220,0
3221,4
3223,1
3226,0
3228,4
3233,0
3235,2
3237,1
3240,3
3241,0
3243,0
3244,4
3245,2
3250,1
3251,0
3255,0
3259,1
3260,4
3262,2
3263,2
3269,2
3270,0
3272,1
3280,4
3282,0
3289,2
3290,0
3291,1
3297,1
3308,1
3310,4
3316,2
3317,1
3319,2
3320,2
3322,3
3323,2
3324,4
3327,1
3331,4
3333,2
3336,1
3339,0
3341,2
3343,4
3344,4
3348,1
3350,1
3351,1
3354,3
3355,1
3357,2
3358,2
3361,2
3363,0
3364,4
3366,0
3369,4
3370,2
3378,4
3381,0
3384,0
3389,2
3390,1
3393,4
3395,2
3396,3
3397,3
3399,1
3401,3
3403,4
3406,3
3407,1
3408,4
3411,3
3413,2
3414,4
3416,3
3417,0
3422,4
3425,2
3426,0
3431,2
3432,4
3433,4
3434,3
3436,4
3437,1
3438,1
3439,2
3445,4
3446,2
3447,1
3452,3
3453,0
3457,1
3461,4
3463,2
3465,0
3466,0
3468,2
3470,3
3471,1
3474,4
3475,0
3478,0
3479,0
3480,2
3481,2
3488,0
3491,3
3492,4
3495,0
3498,0
3499,2
3503,2
3506,0
3511,2
3519,4
3523,0
3527,0
3531,2
3532,4
3533,0
3538,0
3539,4
3543,2
3552,2
3553,4
3556,3
3559,2
3566,1
3568,4
3569,1
3570,4
3571,2
3572,2
3575,4
3576,1
3577,2
3578,1
3579,3
3580,1
3582,3
3585,2
3588,2
3591,3
3594,3
3597,2
3607,4
3608,0
3611,2
3612,0
3613,2
3616,1
3619,3
3622,4
3623,4
3627,3
3628,0
3629,2
3630,2
3637,3
3640,0
3642,0
3643,0
3645,2
3648,1
3649,2
3650,2
3651,2
3652,4
3653,1
3656,3
3661,3
3664,1
3666,4
3668,3
3670,4
3671,0
3672,1
3674,1
3675,4
3677,4
3679,1
3684,0
3687,2
3689,4
3691,0
3693,1
3695,0
3698,1
3700,4
3701,2
3707,0
3712,3
3713,0
3718,0
3730,2
3734,0
3735,0
3736,2
3738,4
3740,0
3741,2
3742,3
3743,3
3744,1
3747,3
3750,0
3754,2
3759,0
3761,0
3762,4
3763,2
3769,4
3770,4
3771,1
3777,4
3779,2
3783,0
3788,1
3790,0
3793,0
3797,1
3799,2
3804,2
3805,4
3806,4
3809,4
3810,0
3814,1
3815,0
3817,4
3820,2
3821,0
3822,1
3824,4
3829,1
3831,1
3835,1
3839,0
3844,0
3846,4
3847,2
3850,2
3854,2
3858,0
3859,4
3862,1
3870,0
3872,0
3876,1
3878,4
3882,1
3883,4
3886,4
3887,1
3889,0
3894,2
3897,0
3898,3
3900,0
3901,4
3907,0
3909,4
3910,2
3914,0
3915,2
3917,0
3918,4
3920,4
3929,0
3931,4
3937,2
3939,1
3942,4
3946,0
3947,0
3952,2
3954,0
3955,1
3956,0
3957,4
3958,2
3963,1
3965,1
3969,2
3970,0
3971,2
3972,1
3974,4
3976,0
3977,2
3980,4
3981,3
3985,2
3989,3
3991,2
3992,4
3994,1
3995,2
3996,4
3998,1
3999,4
4000,4
4002,4
4003,3
4004,2
4006,0
4008,2
4010,2
4017,2
4018,0
4020,3
4025,0
4031,1
4033,3
4036,2
4040,0
4042,4
4044,0
4046,4
4047,2
4050,0
4052,2
4056,2
4066,2
4067,1
4070,0
4071,0
4072,1
4073,3
4074,2
4076,0
4077,1
4079,1
4081,0
4082,4
4084,1
4085,4
4086,3
4087,2
4093,4
4095,1
4096,0
4098,2
4100,2
4101,3
4102,2
4106,4
4107,2
4113,2
4114,0
4115,3
4116,1
4118,0
4122,1
4124,2
4125,1
4127,4
4128,4
4130,2
4132,0
4139,3
4140,1
4143,1
4148,3
4150,4
4156,1
4157,4
4161,1
4163,0
4164,0
4165,4
4170,0
4171,4
4172,4
4173,0
4177,4
4178,1
4181,4
4182,1
4183,2
4184,1
4185,0
4186,0
4190,4
4194,0
4195,2
4196,0
4197,3
4199,1
4200,3
4202,0
4204,1
4209,4
4212,1
4213,0
4214,4
4216,2
4217,3
4218,0
4220,4
4221,2
4222,3
4223,0
4229,4
4231,4
4234,3
4235,0
4236,0
4237,1
4239,0
4242,2
4246,1
4248,2
4249,2
4252,1
4254,2
4258,1
4260,1
4261,3
4263,4
4264,2
4266,1
4267,3
4268,4
4272,4
4275,4
4276,1
4280,0
4281,0
4282,2
4288,0
4293,3
4294,4
4299,4
4301,0
4302,0
4308,0
4314,0
4315,4
4317,2
4319,4
4326,3
4327,1
4328,1
4329,1
4331,4
4332,1
4336,2
4337,0
4338,1
4339,0
4340,1
4347,4
4351,0
4352,0
4353,0
4354,2
4355,2
4356,1
4357,1
4359,0
4360,3
4362,1
4364,4
4365,1
4372,0
4373,2
4375,1
4377,2
4378,4
4379,0
4380,2
4384,1
4386,0
4392,2
4393,2
4394,2
4396,2
4398,2
4399,1
4406,1
4407,0
4412,3
4414,1
4415,2
4416,4
4421,2
4422,1
4424,0
4428,1
4433,1
4436,4
4438,1
4442,0
4443,2
4448,0
4455,2
4456,4
4457,0
4458,2
4463,1
4465,1
4469,4
4472,1
4477,2
4482,2
4483,4
4485,1
4486,2
4488,4
4489,0
4495,4
4498,2
4499,1
4500,0
4502,2
4504,4
4506,0
4509,0
4510,0
4515,0
4520,4
4521,0
4524,2
4525,1
4526,0
4528,0
4529,0
4535,4
4539,4
4541,2
4545,1
4555,2
4556,0
4557,2
4558,2
4560,3
4561,1
4562,2
4566,3
4573,4
4579,1
4580,4
4585,0
4586,4
4589,1
4591,4
4594,2
4595,2
4598,2
4603,4
4604,0
4605,1
4606,3
4614,1
4617,3
4619,2
4620,3
4621,0
4623,0
4624,3
4628,0
4629,2
4632,4
4634,0
4636,1
4637,1
4645,3
4647,0
4648,4
4651,1
4652,1
4653,3
4654,4
4655,1
4659,1
4660,2
4662,1
4665,2
4668,4
4670,0
4672,4
4674,4
4679,1
4682,2
4683,0
4686,4
4687,3
4688,2
4690,2
4693,4
4694,4
4695,2
4697,1
4705,3
4710,1
4711,1
4715,3
4718,2
4719,4
4720,1
4723,0
4724,2
4726,1
4727,2
4728,0
4730,3
4731,0
4732,0
4735,3
4747,2
4750,2
4751,4
4757,1
4758,0
4759,1
4761,4
4762,1
4763,4
4764,4
4765,1
4766,0
4767,1
4769,1
4773,1
4780,0
4781,3
4783,0
4784,1
4785,0
4789,4
4798,1
4802,3
4805,0
4807,0
4810,3
4811,1
4812,1
4815,4
4816,2
4817,0
4819,0
4823,1
4827,1
4831,2
4833,1
4838,2
4841,1
4842,0
4848,1
4850,3
4852,3
4855,1
4856,2
4857,2
4858,1
4864,4
4865,1
4870,4
4874,4
4878,3
4879,0
4882,4
4888,4
4891,0
4892,2
4898,1
4903,4
4904,4
4905,1
4906,4
4911,0
4914,2
4918,2
4920,2
4923,0
4925,3
4928,0
4929,2
4933,1
4935,4
4937,2
4938,4
4943,4
4946,3
4947,1
4948,2
4950,4
4951,0
4952,2
4953,1
4956,2
4957,2
4958,4
4960,0
4961,2
4963,1
4967,3
4970,1
4971,3
4979,2
4982,4
4985,4
4992,0
4993,2
4996,2
4999,0
5001,2
5004,4
5005,3
5006,1
5008,4
5011,4
5014,3
5017,0
5022,3
5025,3
5026,1
5031,4
5034,3
5035,1
5037,0
5038,3
5039,2
5040,4
5042,2
5043,0
5044,1
5045,0
5047,1
5051,3
5052,2
5055,0
5056,2
5057,1
5059,0
5067,0
5068,4
5069,3
5070,0
5071,2
5073,4
5076,1
5083,4
5085,0
5092,4
5093,0
5094,3
5098,3
5101,2
5103,4
5105,1
5106,4
5108,0
5112,0
5116,2
5123,2
5125,0
5133,4
5136,0
5137,2
5138,2
5139,2
5140,0
5142,1
5144,1
5149,0
5150,1
5151,4
5153,2
5154,0
5158,1
5165,1
5168,4
5170,0
5171,4
5174,3
5175,0
5177,1
5178,1
5179,0
5180,2
5181,1
5182,4
5183,0
5185,0
5187,1
5188,2
5189,4
5193,2
5194,4
5196,1
5206,2
5211,1
5216,4
5218,0
5220,2
5222,0
5223,1
5226,2
5227,1
5228,3
5229,0
5231,2
5233,2
5234,0
5239,1
5241,1
5243,0
5250,1
5256,1
5259,0
5261,3
5262,4
5264,2
5266,4
5268,1
5269,1
5273,3
5274,4
5275,0
5280,4
5281,3
5282,4
5283,4
5284,2
5286,0
5290,1
5292,4
5294,2
5295,4
5296,4
5302,1
5303,1
5304,4
5310,1
5311,4
5313,0
5314,4
5315,0
5319,0
5321,0
5328,3
5338,4
5340,4
5342,4
5344,2
5345,2
5346,2
5347,4
5351,1
5352,4
5354,0
5358,2
5361,2
5364,1
5366,0
5367,0
5368,4
5369,0
5370,1
5372,0
5373,4
5374,0
5376,2
5377,4
5379,1
5381,2
5384,4
5387,2
5389,0
5390,2
5396,2
5397,3
5398,4
5400,0
5402,4
5409,3
5410,0
5411,2
5412,0
5414,2
5416,2
5417,3
5418,2
5420,2
5425,2
5426,4
5432,1
5433,4
5434,0
5435,4
5439,2
5440,2
5441,2
5442,3
5443,4
5444,0
5445,1
5446,2
5447,0
5452,0
5454,2
5458,0
5459,2
5460,3
5461,4
5466,1
5468,1
5472,2
5473,3
5476,1
5477,2
5478,4
5480,0
5481,1
5482,3
5484,1
5487,3
5489,1
5490,4
5494,1
5495,1
5496,1
5497,4
5500,0
5501,1
5503,2
5504,3
5506,2
5510,3
5512,4
5513,0
5514,2
5517,2
5519,0
5520,4
5521,1
5523,2
5525,2
5526,4
5528,0
5531,2
5532,1
5537,2
5541,4
5545,2
5546,1
5555,1
5556,1
5558,2
5559,2
5561,3
5563,4
5564,1
5568,4
5571,2
5573,1
5574,4
5575,2
5576,2
5581,0
5582,1
5585,0
5586,0
5589,1
5591,2
5593,4
5594,1
5597,1
5598,3
5599,0
5605,0
5611,2
5612,4
5615,4
5617,1
5618,0
5622,4
5623,1
5624,1
5625,0
5626,0
5627,4
5630,1
5631,2
5632,4
5635,0
5636,3
5637,1
5638,3
5639,1
5640,0
5645,1
5648,4
5649,0
5654,4
5655,4
5656,0
5659,0
5665,0
5667,4
5668,0
5671,1
5672,2
5674,2
5675,0
5676,2
5680,2
5681,1
5683,1
5685,2
5689,2
5693,1
5699,1
5700,2
5702,4
5706,2
5708,3
5709,0
5711,3
5712,4
5713,4
5714,0
5717,1
5718,2
5719,0
5720,0
5722,4
5727,1
5730,1
5731,1
5733,2
5738,2
5740,1
5743,2
5745,2
5746,4
5747,1
5752,1
5753,4
5755,2
5759,4
5760,4
5762,1
5763,2
5764,0
5766,0
5771,0
5773,4
5778,0
5781,4
5786,2
5790,2
5796,2
5797,4
5799,2
5801,4
5805,0
5806,0
5808,3
5811,3
5813,1
5816,1
5818,2
5819,1
5826,1
5829,1
5831,4
5833,4
5834,2
5839,1
5840,2
5845,4
5848,4
5855,2
5857,0
5859,4
5860,2
5861,1
5863,4
5864,0
5865,3
5866,0
5867,0
5869,2
5871,2
5876,4
5879,2
5880,0
5886,1
5887,0
5888,4
5892,0
5895,1
5896,0
5898,0
5900,1
5901,1
5904,4
5906,0
5908,0
5913,0
5914,3
5917,2
5920,0
5927,1
5930,3
5931,0
5932,1
5934,3
5935,0
5936,1
5938,1
5939,3
5945,2
5951,0
5955,0
5956,1
5960,0
5964,0
5966,4
5968,2
5970,1
5971,3
5972,2
5975,1
5976,1
5978,4
5979,0
5989,0
5991,0
5992,0
5994,0
5995,0
5998,2
5999,4
6003,4
6008,4
6009,0
6010,0
6013,3
6014,0
6015,1
6018,0
6019,3
6024,1
6025,2
6027,2
6028,0
6029,1
6031,0
6036,1
6039,0
6040,0
6041,4
6043,2
6047,3
6068,1
6071,1
6073,0
6074,2
6075,0
6078,1
6079,1
6080,1
6083,1
6084,0
6085,2
6090,2
6091,0
6092,3
6094,4
6097,2
6099,1
6101,2
6103,2
6105,0
6106,0
6110,1
6111,2
6112,2
6119,3
6120,0
6122,0
6124,1
6125,1
6132,1
6134,4
6136,3
6137,1
6138,1
6140,0
6142,1
6144,1
6146,1
6147,2
6150,4
6153,2
6155,2
6156,0
6157,2
6158,4
6160,1
6163,2
6164,4
6166,0
6167,2
6171,4
6172,2
6173,4
6174,2
6177,4
6179,4
6186,0
6187,3
6191,2
6193,4
6195,2
6200,3
6203,2
6207,0
6208,2
6210,4
6214,3
6218,1
6219,0
6220,4
6225,0
6226,4
6227,4
6229,1
6230,1
6231,3
6233,0
6234,2
6237,0
6239,4
6243,4
6244,2
6245,4
6248,0
6249,2
6250,2
6251,1
6255,2
6256,1
6257,4
6258,3
6259,3
6260,0
6269,4
6271,0
6272,0
6274,2
6276,1
6278,1
6280,1
6281,0
6283,3
6284,2
6286,0
6288,1
6291,1
6293,4
6295,0
6298,3
6299,1
6301,1
6302,4
6306,0
6307,4
6308,1
6313,2
6314,2
6315,4
6316,1
6317,1
6319,3
6320,0
6322,0
6325,3
6327,0
6333,3
6335,1
6337,0
6341,3
6342,0
6343,4
6344,3
6346,2
6347,4
6348,2
6349,2
6351,0
6354,4
6356,1
6357,2
6358,1
6359,0
6365,4
6368,4
6370,4
6373,2
6376,3
6378,0
6382,1
6383,0
6385,2
6388,1
6389,1
6392,0
6394,2
6402,4
6405,0
6407,4
6410,1
6412,2
6415,0
6417,0
6420,3
6422,0
6424,1
6425,0
6427,2
6428,1
6429,4
6431,3
6433,0
6434,2
6436,4
6444,2
6450,1
6453,0
6455,0
6458,3
6461,1
6462,2
6463,1
6465,1
6466,2
6467,0
6468,4
6470,3
6474,2
6475,0
6481,2
6482,4
6484,2
6486,2
6489,1
6491,1
6492,2
6498,4
6499,4
6501,3
6503,0
6504,2
6507,3
6509,0
6511,0
6513,1
6514,3
6515,1
6516,1
6517,3
6522,1
6523,1
6525,4
6526,2
6529,4
6532,2
6533,4
6537,0
6538,4
6539,2
6541,2
6542,2
6543,3
6544,0
6550,2
6553,3
6554,2
6555,0
6556,2
6557,4
6558,3
6560,0
6561,1
6564,4
6565,0
6566,4
6567,1
6569,0
6572,4
6576,0
6577,0
6578,2
6583,0
6584,4
6585,3
6587,1
6588,2
6591,1
6593,3
6596,4
6597,1
6599,0
6601,4
6602,0
6605,2
6606,3
6607,3
6610,0
6613,3
6620,4
6624,4
6627,2
6630,1
6631,4
6634,3
6635,0
6640,0
6642,1
6644,1
6646,2
6649,0
6652,4
6653,1
6655,1
6657,0
6659,2
6662,4
6663,4
6665,4
6671,4
6673,1
6674,2
6675,2
6677,4
6680,0
6683,3
6684,0
6685,4
6686,1
6687,4
6688,1
6689,4
6691,1
6692,0
6694,0
6697,2
6698,2
6700,3
6706,3
6710,0
6713,2
6717,3
6719,0
6720,0
6723,4
6726,1
6731,1
6732,1
6733,2
6734,3
6735,3
6738,4
6739,1
6741,0
6742,2
6743,0
6748,1
6750,2
6751,2
6752,2
6753,1
6756,3
6758,2
6759,4
6760,2
6763,4
6764,3
6768,2
6770,3
6772,3
6775,0
6776,2
6779,0
6780,2
6783,4
6785,3
6787,2
6793,1
6794,3
6795,2
6796,4
6801,3
6802,4
6803,2
6804,0
6806,1
6807,3
6808,3
6811,2
6813,0
6820,2
6821,1
6823,0
6825,4
6826,3
6827,1
6831,2
6835,4
6836,1
6839,1
6840,2
6841,4
6842,0
6845,1
6846,1
6847,1
6849,0
6850,0
6851,2
6852,3
6853,2
6855,4
6857,4
6859,3
6861,1
6866,2
6867,2
6869,0
6870,4
6871,2
6873,1
6877,4
6878,1
6879,1
6882,1
6889,0
6894,0
6895,4
6896,3
6900,2
6905,2
6915,2
6920,2
6922,4
6924,1
6925,1
6926,2
6933,2
6935,4
6938,4
6940,2
6943,1
6944,0
6947,3
6950,1
6953,2
6954,4
6955,2
6956,0
6957,4
6962,3
6965,4
6967,4
6968,0
6969,0
6970,4
6972,0
6973,2
6974,1
6975,0
6976,1
6978,2
6979,1
6981,1
6982,0
6987,4
6990,0
6991,2
6993,4
6994,0
6995,3
6999,1
7000,0
7003,2
7005,0
7006,4
7012,1
7015,4
7016,2
7017,3
7018,4
7021,4
7028,1
7030,4
7031,4
7032,2
7033,2
7034,2
7035,2
7036,1
7037,4
7040,3
7042,0
7043,2
7045,0
7048,3
7049,2
7051,1
7053,3
7057,1
7058,1
7059,2
7062,0
7064,4
7065,4
7066,4
7067,3
7071,4
7072,2
7074,0
7077,2
7079,3
7081,2
7087,0
7088,0
7089,2
7090,2
7094,4
7100,3
7105,2
7108,0
7109,2
7110,2
7113,3
7114,0
7115,1
7117,4
7118,4
7125,1
7128,3
7131,1
7133,0
7135,1
7136,2
7137,1
7138,2
7139,1
7149,2
7153,4
7154,3
7158,3
7164,2
7165,0
7167,1
7175,1
7176,1
7177,4
7179,0
7180,3
7181,4
7183,4
7186,1
7188,3
7190,3
7192,2
7193,1
7194,3
7201,2
7203,1
7206,2
7210,2
7212,1
7214,0
7216,0
7217,3
7219,2
7221,3
7225,0
7237,1
7238,3
7241,4
7245,4
7246,2
7248,0
7251,2
7252,0
7253,2
7261,4
7264,2
7269,3
7272,0
7275,1
7278,0
7279,0
7284,2
7288,4
7289,2
7291,0
7294,1
7300,3
7301,2
7304,4
7308,2
7310,0
7311,0
7316,2
7319,1
7322,0
7324,3
7325,2
7326,1
7327,1
7330,4
7332,2
7333,0
7334,2
7336,3
7337,2
7339,2
7341,1
7342,4
7343,3
7355,0
7357,2
7359,4
7360,1
7364,2
7369,3
7371,1
7372,2
7373,2
7379,0
7381,4
7384,0
7387,3
7389,3
7390,4
7392,1
7394,4
7396,2
7403,2
7406,2
7407,4
7408,2
7410,2
7418,1
7420,1
7421,2
7423,0
7424,2
7429,4
7431,0
7440,3
7441,2
7443,0
7444,4
7447,1
7448,3
7449,1
7451,3
7455,0
7459,1
7460,4
7464,3
7466,4
7467,0
7472,1
7473,4
7476,2
7478,3
7481,2
7482,4
7487,0
7488,3
7489,0
7492,1
7493,1
7494,2
7495,4
7496,2
7498,4
7499,2
7500,3
7506,3
7508,3
7509,1
7510,4
7512,1
7513,1
7514,1
7515,0
7516,3
7517,1
7518,1
7520,3
7523,3
7526,3
7529,0
7533,0
7534,1
7535,3
7536,2
7537,4
7538,1
7539,2
7541,0
7545,2
7546,4
7547,4
7550,4
7560,2
7563,2
7564,2
7565,2
7566,4
7569,2
7570,1
7574,2
7577,0
7578,3
7579,3
7581,4
7584,3
7585,2
7586,2
7587,2
7589,2
7590,0
7591,0
7592,0
7594,3
7596,1
7597,0
7598,4
7599,0
7604,0
7605,4
7607,0
7608,2
7609,4
7610,1
7611,4
7612,2
7613,4
7616,4
7617,3
7619,3
7621,0
7622,4
7624,0
7626,4
7627,4
7630,2
7632,2
7634,0
7636,0
7643,2
7646,1
7648,1
7654,4
7659,2
7660,2
7661,2
7662,3
7663,0
7664,3
7669,4
7673,2
7676,3
7677,3
7678,4
7679,0
7682,0
7683,0
7685,3
7687,0
7688,0
7689,3
7693,1
7694,1
7695,0
7698,2
7699,0
7702,0
7703,3
7707,0
7708,3
7711,2
7713,2
7714,2
7720,0
7722,3
7724,4
7730,0
7731,1
7733,1
7737,3
7738,4
7744,1
7746,3
7747,4
7748,4
7751,1
7752,1
7753,3
7757,2
7758,2
7759,2
7764,4
7768,3
7772,4
7773,1
7775,2
7776,4
7781,4
7782,2
7784,4
7786,1
7788,3
7791,1
7792,0
7794,2
7795,3
7804,4
7805,2
7806,2
7807,0
7818,0
7820,1
7822,4
7823,1
7825,3
7826,0
7829,2
7833,3
7836,2
7838,2
7839,0
7840,0
7843,2
7844,0
7845,0
7846,4
7849,0
7851,3
7853,0
7854,2
7860,4
7863,2
7864,4
7865,3
7866,1
7873,1
7874,4
7876,3
7877,1
7885,4
7890,0
7891,1
7898,2
7899,4
7901,2
7903,0
7908,1
7909,1
7910,0
7912,2
7916,2
7917,4
7920,4
7921,4
7922,2
7923,1
7925,2
7926,1
7932,0
7937,2
7938,1
7944,3
7947,2
7948,2
7949,0
7951,2
7953,0
7954,3
7961,0
7964,0
7965,3
7969,2
7971,0
7974,0
7975,2
7977,0
7979,1
7981,3
7988,1
7990,0
7992,4
7994,3
7997,0
7999,4
8000,1
8005,1
8007,1
8010,1
8011,0
8016,2
8017,0
8024,2
8030,3
8031,4
8032,4
8034,1
8035,1
8037,2
8038,3
8040,2
8041,4
8043,1
8053,2
8054,2
8055,2
8056,1
8057,2
8060,4
8061,0
8063,0
8064,3
8066,0
8067,2
8073,0
8075,0
8076,3
8077,4
8078,3
8080,2
8081,0
8083,2
8095,2
8096,4
8100,4
8101,2
8104,4
8109,3
8111,3
8112,2
8117,1
8120,4
8123,1
8129,2
8132,2
8133,2
8135,4
8137,0
8139,0
8141,4
8144,2
8146,0
8147,2
8151,4
8154,1
8157,1
8158,0
8159,1
8160,0
8161,1
8164,2
8171,2
8173,4
8175,2
8178,2
8179,3
8180,3
8181,2
8186,2
8187,1
8188,3
8189,0
8191,1
8196,2
8197,2
8198,4
8199,3
8200,3
8201,3
8204,2
8215,1
8217,2
8223,0
8226,1
8227,4
8230,2
8236,2
8239,4
8243,2
8245,2
8248,4
8249,1
8250,2
8254,2
8255,2
8259,2
8262,4
8263,3
8264,4
8266,0
8269,4
8270,2
8272,3
8273,0
8275,2
8277,2
8281,2
8282,2
8284,3
8287,2
8290,4
8291,3
8292,4
8295,4
8298,4
8300,4
8303,3
8310,2
8311,2
8316,4
8319,3
8322,4
8324,1
8326,0
8328,3
8330,2
8331,2
8334,4
8336,3
8340,0
8342,2
8343,3
8345,1
8348,2
8352,3
8354,1
8357,2
8360,1
8364,1
8365,0
8366,1
8368,2
8371,0
8374,4
8375,2
8377,0
8379,2
8381,4
8382,3
8383,4
8386,2
8387,0
8388,2
8390,0
8391,3
8393,0
8394,2
8398,2
8400,2
8402,0
8403,0
8404,0
8409,1
8412,3
8413,4
8424,0
8426,4
8427,1
8429,2
8430,4
8432,3
8433,4
8438,0
8442,2
8450,3
8451,1
8454,3
8458,4
8463,0
8464,3
8466,0
8468,4
8469,3
8472,2
8473,2
8475,0
8476,2
8479,3
8481,3
8486,2
8489,0
8490,2
8493,2
8496,2
8497,3
8500,4
8501,3
8502,0
8504,3
8505,4
8508,3
8510,1
8516,1
8519,1
8522,4
8523,1
8526,2
8529,2
8530,2
8532,2
8534,3
8535,1
8537,3
8539,1
8540,1
8542,3
8544,2
8545,2
8546,4
8549,2
8551,4
8556,3
8557,1
8558,3
8565,4
8567,1
8571,3
8572,4
8573,3
8576,3
8580,3
8587,2
8590,3
8595,2
8597,0
8598,2
8599,3
8602,3
8604,4
8608,4
8613,0
8614,0
8617,2
8620,2
8621,2
8622,0
8623,2
8626,3
8627,1
8629,3
8631,1
8636,3
8639,1
8640,4
8642,2
8643,1
8647,3
8648,2
8651,4
8654,0
8655,0
8657,4
8658,1
8661,0
8662,2
8665,1
8666,4
8667,3
8668,4
8672,0
8679,4
8681,1
8682,3
8683,4
8687,0
8688,2
8689,4
8694,3
8695,1
8697,3
8698,2
8699,2
8701,0
8702,2
8704,0
8705,2
8710,2
8713,0
8717,1
8732,2
8733,0
8734,3
8735,4
8736,1
8738,1
8741,1
8749,2
8750,2
8752,3
8754,3
8755,0
8757,0
8761,2
8763,2
8765,2
8767,0
8769,2
8770,4
8773,3
8774,2
8775,2
8776,3
8777,2
8779,0
8782,0
8783,3
8793,0
8796,1
8797,0
8798,1
8799,2
8801,4
8804,4
8805,2
8806,2
8807,2
8808,2
8810,2
8811,0
8819,0
8822,1
8823,0
8826,0
8827,2
8828,1
8834,0
8835,4
8838,0
8839,2
8840,0
8842,4
8845,2
8846,3
8847,4
8850,3
8851,0
8854,3
8857,2
8858,3
8860,2
8864,3
8865,3
8867,1
8868,1
8869,1
8870,3
8875,4
8877,0
8879,0
8881,1
8887,0
8890,3
8891,2
8894,3
8897,1
8898,2
8903,0
8905,2
8907,1
8910,1
8911,4
8913,3
8915,4
8918,1
8920,2
8921,2
8922,3
8924,1
8926,3
8927,4
8929,1
8930,2
8931,3
8934,4
8940,3
8942,3
8943,3
8944,4
8945,1
8948,1
8950,3
8954,0
8958,0
8959,4
8960,4
8962,3
8964,3
8967,3
8969,0
8971,3
8974,2
8975,2
8976,2
8977,1
8978,1
8979,0
8982,2
8988,3
8990,1
8991,3
8993,1
8995,2
8996,2
8997,1
8998,4
9000,4
9006,2
9008,1
9009,4
9012,3
9013,0
9014,2
9016,4
9018,2
9020,0
9021,0
9023,2
9024,1
9026,0
9027,1
9028,3
9033,3
9035,3
9037,2
9038,2
9039,3
9041,1
9043,3
9046,2
9050,0
9053,2
9054,4
9059,3
9061,4
9062,1
9064,2
9067,3
9068,2
9070,3
9072,2
9083,1
9084,0
9089,0
9092,1
9093,2
9096,3
9098,1
9104,4
9107,3
9108,0
9109,2
9114,2
9115,4
9120,0
9121,1
9122,3
9123,3
9124,0
9126,2
9129,4
9135,3
9138,4
9140,4
9142,3
9143,2
9145,2
9146,2
9147,0
9148,1
9152,3
9154,2
9156,1
9161,2
9164,3
9165,0
9166,4
9169,2
9171,4
9172,4
9173,3
9176,2
9183,0
9184,4
9186,3
9188,3
9189,2
9191,3
9192,1
9194,2
9195,2
9201,1
9202,2
9208,2
9209,3
9212,4
9214,3
9216,0
9221,4
9223,1
9229,1
9234,1
9235,0
9236,3
9238,3
9239,1
9249,2
9254,2
9256,2
9260,2
9261,1
9265,3
9266,2
9267,3
9271,0
9274,1
9276,3
9277,4
9279,4
9281,0
9282,2
9284,3
9286,4
9289,0
9292,4
9293,2
9302,1
9304,1
9305,2
9307,3
9308,3
9310,2
9311,0
9312,1
9314,4
9315,3
9316,0
9324,2
9329,1
9330,3
9333,1
9337,1
9339,3
9340,3
9350,2
9358,3
9364,2
9365,0
9367,1
9371,2
9374,2
9378,2
9379,4
9384,1
9386,1
9391,4
9392,4
9393,2
9394,4
9398,3
9399,0
9400,4
9401,2
9404,2
9406,3
9409,4
9410,0
9414,2
9415,4
9416,2
9417,4
9421,1
9422,2
9423,2
9425,1
9426,2
9429,0
9430,3
9431,3
9432,1
9435,1
9438,3
9439,3
9441,2
9443,1
9444,3
9445,2
9450,2
9451,3
9452,3
9453,0
9456,4
9459,0
9462,2
9463,3
9465,1
9467,3
9471,2
9472,2
9474,3
9475,2
9478,2
9479,3
9482,2
9485,3
9486,1
9488,2
9489,2
9491,0
9495,3
9497,2
9498,1
9502,3
9506,2
9507,4
9508,2
9509,4
9510,4
9514,1
9515,3
9517,2
9519,4
9520,0
9523,2
9525,0
9527,4
9528,4
9529,4
9530,4
9531,0
9534,1
9535,0
9536,1
9539,3
9543,4
9545,2
9547,4
9554,4
9555,2
9556,3
9563,2
9565,2
9568,4
9572,4
9578,4
9581,4
9586,4
9587,0
9588,1
9592,1
9594,2
9597,2
9599,2
9601,0
9604,3
9609,1
9613,2
9614,4
9616,2
9618,2
9619,4
9621,2
9622,4
9624,4
9625,2
9627,1
9633,3
9637,4
9641,3
9642,2
9645,2
9653,2
9654,1
9657,3
9659,0
9662,0
9664,0
9667,4
9672,3
9677,2
9682,0
9684,0
9686,3
9688,4
9691,3
9692,1
9693,0
9694,3
9697,4
9702,2
9704,3
9707,0
9710,4
9712,0
9713,2
9715,3
9716,3
9717,4
9719,3
9721,4
9722,3
9723,0
9724,0
9727,4
9729,4
9730,3
9731,1
9733,2
9734,4
9738,1
9739,4
9742,2
9743,2
9750,4
9751,4
9752,2
9755,2
9759,2
9761,3
9762,3
9764,4
9768,4
9771,0
9772,4
9773,4
9774,2
9775,1
9778,1
9779,4
9781,2
9784,3
9794,1
9795,4
9796,0
9798,2
9799,2
9800,2
9802,1
9803,2
9804,4
9808,4
9809,4
9810,1
9812,4
9815,2
9819,1
9821,1
9822,0
9823,3
9824,4
9827,2
9828,1
9832,4
9833,3
9834,4
9839,1
9840,2
9841,1
9843,1
9844,4
9845,4
9849,0
9850,0
9851,0
9852,4
9853,4
9854,4
9858,3
9860,1
9863,3
9864,4
9865,0
9869,2
9870,0
9872,0
9873,2
9874,2
9876,4
9882,2
9886,2
9892,2
9894,0
9895,1
9896,4
9897,4
9900,0
9902,4
9903,3
9904,4
9906,4
9907,0
9908,4
9909,4
9913,0
9915,0
9918,4
9921,4
9923,4
9924,0
9927,4
9928,2
9931,1
9933,0
9934,1
9936,0
9938,4
9940,2
9946,1
9947,3
9949,0
9951,4
9955,0
9957,2
9958,0
9961,0
9963,2
9966,0
9973,3
9976,0
9982,2
9984,0
9985,0
9989,2
9990,0
9992,0
9994,0
9995,0
9997,2
10000,0
10002,4
10006,0
10007,2
10011,2
10012,0
10018,0
10021,2
10024,2
10026,0
10029,0
10030,0
10032,0
10033,2
10034,0
10036,2
10037,0
10039,0
10041,0
10042,0
10044,0
10045,2
10047,1
10049,1
10050,0
10052,4
10053,2
10054,2
10055,0
10056,0
10060,0
10062,0
10063,0
10064,4
10069,0
10073,2
10077,0
10078,0
10080,0
10083,0
10084,2
10087,2
10089,0
10090,0
10091,4
10092,2
10094,2
10095,0
10100,0
10101,4
10105,0
10108,0
10109,2
10110,0
10113,2
10117,2
10124,0
10129,2
10131,2
10133,2
10135,4
10137,0
10140,0
10141,2
10143,2
10147,2
10149,2
10152,0
10154,0
10155,4
10156,2
10160,0
10162,2
10164,1
10165,2
10169,0
10170,0
10173,4
10181,4
10182,2
10183,0
10187,2
10193,4
10197,4
10204,0
10205,2
10209,0
10211,0
10214,3
10216,0
10218,0
10220,0
10222,2
10225,0
10226,0
10227,4
10228,2
10229,0
10231,2
10233,2
10235,2
10236,0
10239,2
10241,3
10242,2
10244,2
10247,2
10248,0
10249,4
10250,2
10252,0
10253,1
10254,4
10255,4
10256,2
10263,2
10269,4
10270,0
10273,1
10278,2
10279,0
10286,0
10289,0
10290,2
10295,1
10297,0
10299,0
10302,1
10304,2
10308,2
10311,2
10313,2
10314,2
10315,2
10318,0
10319,2
10320,0
10321,0
10322,0
10323,0
10324,4
10326,0
10329,4
10331,0
10333,4
10335,0
10338,2
10339,0
10341,4
10343,3
10344,0
10347,0
10349,0
10350,0
10351,0
10354,2
10356,2
10357,4
10358,0
10361,2
10362,2
10365,0
10368,2
10369,0
10370,4
10373,0
10374,0
10380,4
10381,0
10382,2
10385,0
10387,0
10389,4
10391,2
10392,2
10393,4
10395,2
10396,0
10397,0
10398,2
10401,0
10402,2
10404,1
10408,2
10411,2
10412,0
10417,2
10418,0
10419,2
10423,0
10424,4
10428,2
10429,1
10433,0
10434,4
10435,2
10436,0
10439,0
10440,0
10441,0
10446,0
10448,2
10452,0
10457,2
10458,2
10459,2
10460,2
10461,2
10462,2
10464,2
10468,3
10469,2
10474,0
10475,1
10476,0
10481,0
10483,0
10484,0
10486,4
10491,0
10493,0
10496,0
10501,4
10503,0
10504,3
10506,3
10508,1
10510,0
10513,0
10514,0
10516,0
10518,2
10520,0
10522,2
10524,0
10527,2
10532,0
10533,4
10534,2
10535,2
10538,2
10539,4
10541,0
10544,0
10545,1
10546,2
10547,2
10550,0
10551,0
10552,0
10553,0
10554,0
10560,0
10561,0
10564,2
10565,2
10566,3
10570,1
10571,4
10573,0
10575,2
10576,3
10578,0
10579,0
10580,2
10581,2
10584,4
10592,4
10594,2
10595,2
10598,0
10600,3
10601,0
10602,2
10603,0
10604,0
10606,3
10611,2
10612,2
10617,3
10619,0
10621,4
10624,3
10625,2
10626,1
10627,2
10629,0
10630,0
10633,1
10636,3
10642,2
10644,1
10645,2
10646,0
10647,0
10649,0
10652,2
10653,2
10654,2
10655,2
10656,0
10659,0
10660,4
10662,2
10666,4
10667,2
10668,2
10671,2
10672,3
10673,4
10681,0
10683,3
10684,4
10693,2
10694,2
10696,2
10697,1
10698,1
10700,1
10708,0
10709,2
10710,0
10711,0
10712,0
10713,2
10714,2
10716,0
10719,0
10720,2
10723,2
10727,0
10728,0
10729,0
10731,0
10732,0
10733,3
10734,2
10736,0
10742,1
10743,2
10744,2
10745,2
10746,2
10749,0
10750,1
10752,2
10756,4
10757,2
10758,2
10759,2
10763,0
10766,0
10770,2
10771,2
10781,3
10782,0
10784,0
10785,0
10787,2
10789,2
10790,0
10793,0
10796,0
10798,2
10799,3
10802,3
10805,2
10806,0
10807,2
10809,2
10810,4
10812,2
10813,2
10816,0
10818,2
10820,0
10823,2
10827,0
10828,2
10832,4
10834,0
10835,0
10836,0
10838,1
10839,2
10840,1
10843,2
10844,4
10849,2
10852,2
10855,2
10856,1
10861,3
10862,2
10865,1
10866,4
10867,4
10868,4
10872,3
10873,0
10876,2
10880,2
10881,4
10884,4
10886,1
10888,1
10889,2
10890,1
10894,2
10896,1
10898,2
10904,4
10906,4
10909,2
10910,1
10912,0
10913,4
10920,4
10921,1
10922,0
10927,4
10931,1
10933,0
10934,2
10935,0
10936,1
10937,4
10941,0
10944,0
10946,2
10950,4
10953,0
10955,1
10956,0
10960,2
10962,0
10965,1
10968,4
10970,1
10973,0
10975,4
10979,2
10981,2
10984,0
10986,0
10989,4
10991,1
10992,2
10993,2
10995,0
10996,2
10998,2
10999,0
11007,4
11009,0
11011,2
11014,4
11017,0
11018,2
11019,2
11022,3
11024,2
11026,0
11029,4
11032,3
11034,0
11035,2
11038,2
11040,4
11044,2
11046,0
11048,1
11053,0
11055,2
11058,3
11061,3
11064,3
11065,0
11070,0
11071,1
11075,4
11076,2
11077,0
11078,0
11079,4
11080,3
11082,2
11084,2
11087,0
11090,3
11094,4
11100,0
11101,3
11102,2
11110,4
11113,0
11115,0
11118,4
11119,2
11121,2
11122,0
11128,1
11129,0
11131,4
11132,0
11134,3
11136,3
11137,2
11138,4
11139,2
11142,4
11146,1
11152,4
11153,1
11155,0
11159,0
11164,4
11169,1
11176,4
11178,4
11179,2
11180,2
11182,1
11183,4
11184,2
11188,1
11190,1
11192,4
11194,0
11197,0
11199,1
11203,0
11204,2
11205,1
11208,1
11209,4
11213,2
11215,1
11218,1
11219,2
11220,0
11221,2
11222,0
11223,2
11224,0
11226,2
11229,4
11232,0
11237,2
11238,2
11239,0
11240,2
11242,2
11243,2
11247,2
11248,2
11249,1
11250,0
11252,0
11254,0
11255,0
11258,4
11259,2
11261,0
11262,1
11263,2
11264,2
11268,2
11269,0
11270,2
11272,1
11274,2
11275,2
11276,0
11278,3
11279,0
11282,4
11283,0
11284,0
11285,0
11287,2
11288,2
11289,0
11291,0
11293,0
11296,4
11299,2
11300,2
11303,0
11304,2
11306,0
11309,3
11310,1
11319,3
11322,1
11323,2
11324,3
11327,2
11328,0
11331,1
11332,0
11333,2
11334,2
11336,4
11339,0
11344,2
11346,0
11347,0
11348,0
11349,2
11352,0
11357,1
11358,0
11363,2
11364,3
11367,4
11368,2
11374,0
11377,2
11378,4
11379,4
11380,1
11381,2
11383,3
11384,0
11385,0
11386,1
11390,0
11396,3
11398,0
11400,0
11402,2
11403,2
11405,0
11414,2
11415,2
11419,2
11420,1
11421,0
11422,2
11427,2
11428,2
11431,4
11432,0
11433,0
11434,2
11435,3
11436,1
11437,0
11441,2
11442,3
11444,2
11445,0
11447,2
11449,3
11452,2
11455,2
11456,2
11465,4
11466,3
11467,4
11468,2
11469,3
11471,2
11472,1
11474,3
11475,0
11478,4
11479,2
11483,3
11486,4
11487,0
11489,2
11491,2
11492,3
11493,3
11495,0
11498,1
11501,4
11503,3
11504,4
11507,2
11508,0
11510,2
11511,0
11514,0
11515,2
11516,4
11525,2
11529,2
11530,0
11531,2
11534,0
11535,2
11538,0
11545,2
11548,2
11549,2
11551,2
11553,0
11557,3
11562,0
11563,2
11564,2
11566,0
11567,4
11569,0
11570,2
11571,3
11574,0
11575,0
11578,2
11580,0
11582,1
11583,0
11587,0
11590,2
11592,0
11593,4
11596,2
11599,0
11600,2
11601,2
11602,0
11604,1
11606,4
11607,2
11608,1
11612,0
11615,4
11616,3
11617,0
11620,0
11621,4
11622,2
11623,0
11628,1
11630,0
11632,0
11633,0
11635,0
11637,2
11638,2
11640,0
11641,0
11643,0
11647,0
11648,4
11649,2
11651,0
11655,2
11656,0
11657,1
11660,0
11661,0
11664,0
11665,2
11667,2
11668,0
11671,2
11674,3
11675,0
11677,2
11679,2
11683,2
11684,0
11689,2
11693,0
11694,0
11697,4
11700,2
11701,2
11706,2
11709,2
11711,2
11712,2
11714,1
11715,0
11716,2
11719,2
11723,0
11728,2
11730,2
11732,4
11737,3
11741,0
11742,4
11744,2
11747,2
11749,1
11752,2
11756,1
11758,0
11772,2
11776,2
11778,3
11779,4
11781,2
11783,1
11785,0
11791,2
11792,3
11797,0
11798,4
11800,4
11802,3
11804,0
11807,3
11809,2
11812,4
11818,3
11819,2
11820,2
11825,2
11826,0
11828,1
11829,1
11830,2
11832,4
11837,3
11838,2
11839,0
11840,0
11845,0
11847,2
11849,4
11851,4
11855,0
11857,0
11859,4
11861,4
11862,4
11864,0
11866,2
11867,2
11870,0
11872,0
11875,0
11882,4
11884,4
11889,2
11893,4
11895,0
11897,4
11898,0
11901,4
11902,2
11903,1
11904,2
11905,1
11907,2
11909,4
11910,2
11915,0
11917,2
11922,1
11925,2
11926,0
11929,4
11931,0
11933,4
11937,4
11938,2
11940,4
11941,4
11945,0
11946,0
11947,0
11948,1
11950,2
11954,2
11958,2
11959,3
11960,0
11962,2
11963,0
11965,3
11967,3
11971,4
11972,2
11976,0
11978,0
11981,2
11982,0
11985,2
11986,2
11989,2
11991,2
11992,0
11995,0
12002,0
12003,3
12007,4
12009,3
12010,4
12015,0
12016,3
12018,0
12019,4
12024,2
12025,3
12029,0
12030,1
12033,1
12034,3
12036,1
12038,1
12039,0
12040,2
12042,1
12043,1
12044,4
12048,2
12050,2
12051,0
12054,2
12055,2
12059,2
12061,2
12063,2
12065,2
12066,2
12067,0
12068,2
12069,4
12071,4
12072,0
12074,0
12075,1
12076,0
12078,3
12080,0
12081,1
12082,2
12083,0
12084,1
12086,2
12087,0
12088,0
12090,4
12091,0
12093,3
12094,2
12095,4
12096,0
12097,0
12098,0
12099,0
12100,1
12108,2
12109,2
12110,4
12113,0
12114,3
12116,1
12117,0
12118,4
12120,4
12121,0
12124,2
12125,0
12128,2
12130,4
12131,0
12132,3
12140,1
12142,4
12144,2
12145,1
12146,4
12149,0
12150,0
12152,0
12154,2
12155,3
12156,0
12159,0
12160,2
12163,0
12168,2
12171,4
12172,0
12173,4
12174,0
12176,0
12181,2
12184,0
12188,0
12192,4
12193,2
12195,0
12199,0
12200,1
12204,2
12207,3
12208,1
12212,3
12216,0
12219,3
12221,3
12224,4
12225,2
12233,2
12234,0
12235,0
12236,2
12237,3
12238,0
12240,1
12244,2
12245,2
12247,4
12248,0
12252,4
12255,3
12258,2
12259,1
12260,2
12261,0
12263,2
12265,2
12266,0
12267,2
12268,3
12269,2
12270,4
12272,2
12273,3
12277,3
12279,2
12282,4
12302,4
12307,2
12311,0
12316,0
12319,3
12322,0
12323,0
12325,0
12326,1
12328,1
12330,0
12333,2
12334,0
12335,0
12336,0
12339,1
12340,0
12341,4
12345,2
12348,0
12349,0
12352,2
12353,4
12358,4
12360,0
12364,0
12366,2
12367,1
12370,2
12371,0
12373,0
12374,0
12375,2
12376,4
12377,4
12378,1
12379,2
12382,2
12384,0
12386,4
12388,0
12390,2
12395,0
12396,3
12398,0
12401,4
12402,0
12404,0
12412,0
12415,4
12416,2
12417,0
12418,4
12420,0
12421,0
12422,2
12423,0
12425,2
12433,0
12434,1
12435,2
12436,2
12438,0
12440,2
12441,3
12443,1
12446,1
12447,2
12449,4
12450,0
12451,4
12457,3
12461,1
12463,2
12464,2
12466,0
12468,0
12471,4
12473,4
12475,2
12476,4
12477,2
12480,1
12481,0
12482,4
12487,1
12490,4
12492,0
12495,0
12497,1
12499,0
12502,1
12503,0
12506,2
12508,0
12509,0
12510,2
12511,1
12515,1
12519,0
12521,4
12522,3
12524,2
12527,1
12528,0
12529,0
12531,4
12533,2
12534,3
12536,2
12538,4
12546,4
12547,4
12550,4
12551,0
12552,0
12553,2
12557,1
12560,2
12562,2
12565,1
12570,0
12571,0
12573,0
12579,0
12580,0
12582,2
12585,2
12586,4
12587,2
12588,0
12596,2
12599,2
12601,4
12602,3
12606,0
12607,0
12609,1
12611,0
12615,1
12616,0
12618,0
12620,0
12624,2
12625,3
12632,0
12634,2
12637,2
12638,2
12639,4
12641,2
12642,2
12643,2
12647,2
12649,0
12650,0
12652,3
12654,2
12661,1
12662,1
12665,2
12666,0
12668,4
12672,4
12673,0
12674,2
12675,0
12676,2
12677,2
12680,1
12682,0
12683,0
12684,0
12685,3
12688,2
12690,4
12691,0
12693,3
12694,2
12695,2
12696,4
12697,0
12698,2
12699,0
12700,3
12701,2
12705,4
12706,0
12707,0
12712,2
12713,4
12715,0
12718,4
12721,2
12723,4
12724,0
12725,4
12729,2
12730,0
12734,3
12737,0
12738,0
12739,4
12743,2
12745,0
12746,0
12748,0
12749,2
12750,0
12756,2
12759,2
12760,0
12761,4
12763,0
12764,0
12765,4
12771,3
12772,2
12774,0
12775,2
12776,0
12778,2
12779,0
12780,1
12785,0
12787,2
12789,2
12791,0
12792,1
12794,4
12795,0
12796,2
12799,2
12801,2
12803,0
12804,3
12805,2
12806,4
12807,2
12809,0
12810,1
12817,0
12818,2
12821,0
12822,2
12824,1
12826,2
12827,3
12832,2
12833,4
12834,0
12837,2
12838,1
12839,3
12840,1
12841,0
12842,4
12844,2
12848,4
12852,3
12853,2
12855,3
12856,0
12859,4
12860,0
12862,2
12865,3
12868,0
12869,2
12870,2
12877,2
12886,2
12887,4
12890,0
12895,1
12896,0
12901,2
12903,2
12904,2
12906,2
12907,2
12910,2
12915,4
12916,0
12917,0
12920,4
12924,2
12927,1
12928,2
12929,0
12930,2
12931,0
12935,2
12939,2
12942,0
12945,1
12947,0
12950,0
12954,4
12959,2
12960,2
12961,4
12965,0
12966,4
12969,2
12976,2
12977,0
12980,4
12981,0
12984,2
12985,0
12987,0
12993,2
12994,3
12995,0
12998,0
12999,3
13000,0
13001,0
13002,0
13004,2
13005,3
13007,0
13008,0
13009,0
13013,0
13016,0
13017,2
13019,0
13021,0
13025,4
13026,4
13028,0
13029,0
13030,0
13031,4
13032,4
13034,4
13036,4
13040,2
13041,0
13042,4
13043,2
13045,0
13047,0
13049,2
13051,2
13052,2
13053,4
13054,4
13058,4
13060,0
13061,2
13062,0
13065,0
13067,2
13070,4
13071,4
13072,4
13073,4
13075,2
13076,0
13077,0
13082,0
13084,0
13086,0
13090,1
13091,1
13092,2
13093,0
13096,2
13097,1
13101,2
13103,0
13104,2
13106,0
13109,3
13111,2
13115,1
13116,0
13119,0
13121,0
13122,1
13123,0
13124,2
13127,1
13129,1
13131,2
13135,1
13138,0
13139,3
13140,0
13144,0
13147,2
13149,2
13153,2
13154,0
13155,1
13157,4
13158,2
13159,0
13160,2
13162,0
13164,0
13166,0
13167,3
13171,2
13174,0
13175,0
13176,2
13177,2
13179,0
13181,0
13182,0
13183,0
13185,3
13186,0
13187,0
13188,4
13189,4
13190,0
13191,1
13192,0
13194,0
13196,0
13203,4
13204,2
13208,2
13210,2
13212,2
13215,0
13216,0
13217,2
13222,2
13223,2
13224,2
13225,2
13226,2
13228,4
13230,2
13231,4
13233,4
13235,2
13236,2
13240,0
13242,2
13243,2
13244,0
13245,4
13248,2
13249,2
13250,1
13251,1
13252,2
13255,0
13256,1
13257,2
13260,0
13262,0
13265,0
13267,2
13268,2
13269,2
13274,0
13276,0
13282,2
13286,2
13290,2
13292,3
13294,0
13298,2
13300,3
13301,3
13302,4
13305,2
13308,0
13310,1
13313,2
13316,0
13317,4
13320,0
13323,0
13324,0
13326,0
13327,4
13330,0
13331,0
13333,1
13334,1
13337,2
13339,0
13342,3
13345,3
13353,0
13354,4
13359,0
13361,2
13363,0
13364,4
13365,1
13366,3
13367,4
13368,0
13369,0
13370,4
13372,1
13373,2
13377,4
13380,4
13382,4
13386,0
13387,0
13389,1
13390,0
13392,2
13394,1
13395,0
13398,4
13400,2
13404,2
13407,0
13408,3
13410,2
13411,0
13412,2
13413,2
13414,3
13419,0
13421,1
13424,0
13425,4
13426,2
13427,1
13428,3
13430,0
13434,4
13436,4
13438,4
13439,2
13444,0
13449,2
13451,0
13458,2
13461,1
13462,1
13464,2
13466,0
13467,0
13468,2
13469,0
13470,0
13473,0
13474,2
13478,2
13479,2
13484,0
13488,2
13489,2
13493,4
13494,1
13495,0
13496,0
13498,4
13499,0
13502,0
13503,4
13506,2
13508,0
13510,4
13511,0
13512,2
13517,2
13519,1
13521,0
13522,2
13527,0
13529,4
13532,1
13535,0
13545,2
13552,2
13553,3
13554,2
13555,4
13557,2
13563,0
13565,2
13568,0
13569,0
13570,4
13571,0
13572,1
13573,3
13576,3
13577,2
13578,0
13581,0
13583,4
13584,0
13586,1
13589,0
13591,4
13592,2
13593,2
13597,1
13599,0
13601,0
13602,3
13607,2
13608,0
13614,2
13615,3
13619,2
13622,0
13626,1
13629,2
13631,0
13632,4
13634,2
13635,4
13636,2
13637,0
13638,0
13639,4
13640,2
13642,0
13644,0
13648,1
13649,1
13652,2
13653,0
13656,4
13657,2
13658,3
13661,0
13665,2
13666,0
13667,0
13668,2
13671,2
13675,0
13677,1
13678,4
13682,0
13684,2
13687,2
13694,3
13700,2
13701,0
13706,2
13708,0
13709,0
13711,4
13713,1
13715,0
13716,3
13717,0
13718,2
13720,0
13722,0
13724,3
13725,4
13726,1
13727,2
13728,4
13729,0
13734,2
13736,4
13738,1
13739,4
13740,3
13741,0
13742,4
13744,4
13747,1
13751,3
13752,0
13753,3
13754,0
13755,4
13757,2
13758,4
13759,2
13760,0
13761,0
13762,1
13763,1
13765,1
13766,4
13767,2
13770,2
13771,3
13772,0
13778,2
13779,2
13781,4
13783,3
13785,4
13786,2
13789,3
13790,4
13795,0
13797,0
13798,0
13800,2
13804,2
13806,0
13807,1
13810,4
13811,2
13813,1
13814,2
13815,2
13816,0
13817,2
13819,3
13822,1
13823,2
13825,4
13830,0
13833,2
13837,4
13841,4
13843,3
13847,4
13849,1
13851,0
13854,4
13866,4
13867,2
13868,4
13869,0
13871,3
13872,1
13876,0
13878,0
13879,2
13883,0
13887,0
13890,4
13891,2
13897,0
13898,2
13900,4
13902,0
13903,2
13905,1
13908,2
13910,0
13912,2
13913,0
13915,3
13916,3
13917,0
13918,4
13920,1
13921,0
13929,4
13932,3
13934,0
13935,2
13936,0
13937,0
13940,2
13946,3
13948,0
13950,1
13952,2
13953,4
13955,3
13956,3
13962,0
13963,2
13964,0
13966,0
13969,2
13970,0
13972,2
13973,4
13976,0
13979,0
13980,0
13982,4
13985,4
13986,0
13987,2
13989,0
13994,0
13995,4
13996,0
14000,0
14004,1
14005,0
14010,0
14012,0
14013,2
14014,2
14015,2
14019,2
14021,0
14024,3
14025,0
14026,0
14027,0
14028,2
14031,0
14032,1
14034,0
14036,0
14037,3
14039,2
14040,0
14042,1
14043,1
14044,2
14045,0
14052,0
14053,4
14057,2
14058,0
14059,3
14068,4
14069,3
14070,0
14073,1
14076,4
14077,2
14080,2
14081,4
14082,0
14083,0
14084,0
14085,0
14087,0
14088,0
14089,0
14090,0
14091,2
14092,3
14093,1
14094,4
14095,0
14102,0
14103,0
14106,0
14107,4
14108,0
14112,4
14113,0
14114,4
14115,1
14116,2
14117,1
14119,4
14120,1
14122,2
14123,2
14124,0
14125,3
14126,0
14128,0
14130,4
14132,1
14133,4
14134,3
14137,1
14141,0
14143,4
14144,0
14147,1
14149,0
14150,4
14152,0
14153,0
14155,1
14156,2
14158,2
14159,3
14160,4
14162,2
14163,0
14164,0
14167,0
14168,1
14169,1
14171,2
14174,4
14175,4
14176,2
14178,1
14181,2
14182,4
14184,0
14187,0
14188,1
14189,2
14194,2
14195,2
14197,4
14198,0
14199,0
14200,2
14204,2
14207,4
14210,2
14211,2
14217,2
14218,0
14219,0
14223,4
14224,4
14226,3
14228,0
14229,0
14230,0
14231,0
14232,2
14236,1
14238,2
14239,0
14240,0
14241,2
14242,2
14245,2
14246,0
14247,0
14251,2
14252,3
14253,2
14255,4
14256,4
14260,0
14262,3
14264,2
14265,4
14271,1
14272,0
14274,0
14275,2
14277,0
14279,2
14282,0
14287,2
14292,1
14295,0
14297,0
14299,4
14300,0
14301,0
14303,0
14305,0
14306,4
14312,0
14313,0
14314,0
14316,2
14321,0
14323,2
14325,0
14326,0
14328,0
14333,0
14335,2
14336,4
14339,4
14341,0
14342,3
14352,0
14354,0
14357,0
14361,0
14362,1
14365,0
14367,0
14368,2
14371,3
14372,2
14373,0
14375,0
14376,1
14378,0
14379,0
14383,0
14384,4
14385,0
14386,0
14387,0
14394,1
14397,1
14403,2
14409,0
14418,2
14421,0
14422,2
14424,4
14427,3
14430,2
14433,2
14434,4
14436,1
14438,0
14439,4
14440,2
14441,0
14442,2
14444,4
14445,2
14446,0
14447,1
14452,2
14456,1
14457,0
14458,0
14459,0
14462,2
14465,0
14467,2
14472,1
14479,2
14480,0
14484,0
14486,3
14489,0
14490,3
14493,0
14494,2
14498,0
14501,2
14502,4
14506,0
14510,2
14511,4
14512,4
14515,4
14516,1
14517,2
14518,0
14519,2
14520,1
14524,0
14525,2
14526,0
14527,4
14528,2
14529,0
14533,3
14534,4
14535,0
14537,1
14538,4
14541,0
14542,2
14543,1
14545,0
14546,4
14547,2
14548,0
14549,3
14552,2
14555,0
14558,2
14559,0
14561,0
14563,2
14564,0
14566,3
14572,0
14573,4
14575,2
14576,0
14577,0
14582,4
14583,3
14584,3
14585,0
14586,1
14590,4
14593,4
14595,4
14597,0
14598,0
14600,2
14601,2
14602,0
14603,4
14609,0
14610,1
14612,3
14613,2
14614,2
14616,0
14619,1
14620,4
14622,2
14624,0
14625,0
14628,3
14630,1
14632,0
14636,2
14640,4
14642,0
14643,2
14645,3
14647,2
14654,0
14655,3
14657,4
14658,2
14659,1
14660,0
14662,1
14663,2
14666,1
14670,4
14671,0
14674,2
14675,4
14676,2
14677,4
14680,3
14681,0
14682,2
14683,2
14686,2
14688,0
14689,0
14691,4
14694,0
14699,0
14701,2
14702,1
14704,0
14705,3
14707,0
14708,4
14710,0
14711,0
14713,4
14714,0
14722,0
14726,0
14731,0
14733,1
14737,0
14738,0
14741,3
14743,0
14744,0
14746,0
14750,4
14751,0
14755,4
14757,3
14759,0
14762,4
14763,1
14767,2
14772,4
14774,2
14775,4
14779,1
14781,4
14783,0
14793,2
14796,2
14799,0
14800,0
14802,1
14803,2
14804,4
14805,1
14806,4
14809,0
14811,0
14814,2
14815,1
14817,0
14819,0
14822,1
14823,0
14824,2
14826,4
14827,0
14828,2
14833,4
14834,2
14835,4
14836,0
14837,2
14838,1
14839,2
14841,0
14842,2
14844,2
14845,2
14846,0
14847,3
14848,2
14850,1
14851,1
14852,1
14857,2
14858,0
14859,2
14861,2
14868,3
14871,4
14872,2
14874,2
14875,0
14878,1
14881,1
14882,0
14886,0
14887,0
14889,4
14890,2
14891,0
14895,0
14897,0
14899,2
14900,0
14901,2
14902,2
14908,0
14910,0
14911,2
14916,0
14917,4
14927,2
14928,2
14929,2
14931,3
14933,0
14935,2
14936,4
14937,2
14940,4
14941,1
14946,4
14947,0
14949,0
14950,1
14951,0
14953,4
14954,4
14956,2
14958,4
14959,2
14960,2
14962,2
14963,0
14964,0
14965,0
14967,4
14970,2
14972,0
14973,2
14977,4
14978,2
14979,2
14980,2
14982,0
14985,2
14987,2
14988,2
14993,2
14995,3
14996,2
14997,0
14998,2
15001,0
15002,0
15003,2
15005,4
15006,2
15008,0
15009,4
15013,4
15015,4
15016,0
15017,0
15018,0
15019,0
15021,1
15022,2
15026,2
15027,0
15028,2
15031,3
15034,2
15035,4
15036,2
15037,2
15039,2
15044,4
15046,1
15047,2
15049,1
15050,2
15054,0
15056,1
15057,0
15058,0
15061,2
15063,1
15067,0
15069,2
15072,2
15074,0
15080,0
15081,0
15082,0
15084,2
15085,2
15089,1
15095,0
15099,2
15103,2
15107,4
15108,0
15113,0
15117,0
15120,2
15128,2
15130,0
15131,4
15132,0
15133,0
15135,1
15136,2
15137,2
15138,0
15141,3
15143,1
15144,1
15145,3
15147,2
15149,2
15154,2
15159,4
15161,0
15162,0
15165,4
15166,0
15170,2
15173,2
15174,0
15178,4
15181,0
15182,0
15183,2
15184,2
15193,4
15195,1
15197,0
15198,2
15202,0
15204,4
15205,0
15208,2
15209,0
15212,2
15213,2
15214,2
15215,2
15216,4
15220,0
15221,0
15222,2
15223,0
15225,0
15228,0
15232,0
15234,0
15235,0
15239,0
15242,2
15244,0
15245,0
15248,0
15249,3
15251,2
15253,2
15254,0
15255,4
15258,0
15261,2
15263,2
15264,0
15265,0
15269,0
15276,2
15281,0
15282,0
15284,0
15289,2
15291,4
15292,2
15293,0
15295,2
15301,4
15304,2
15307,2
15310,0
15317,0
15322,4
15323,0
15329,0
15330,1
15332,0
15335,3
15336,4
15337,4
15338,2
15339,0
15340,1
15341,0
15344,3
15345,0
15346,2
15348,0
15349,0
15355,4
15356,4
15357,1
15358,0
15360,1
15361,2
15362,3
15363,1
15364,2
15365,0
15366,2
15368,0
15369,0
15370,1
15372,2
15374,3
15382,1
15383,4
15385,0
15386,0
15390,2
15392,2
15395,0
15397,3
15398,3
15400,0
15403,2
15406,0
15407,2
15410,0
15412,4
15414,0
15416,0
15417,3
15419,4
15421,2
15422,4
15425,0
15427,4
15428,0
15430,0
15431,0
15434,0
15437,2
15439,0
15444,2
15445,0
15446,0
15448,4
15451,2
15452,2
15456,1
15457,0
15458,2
15459,0
15463,0
15466,2
15469,4
15470,0
15480,2
15481,0
15483,2
15485,4
15487,0
15490,0
15494,4
15495,1
15496,4
15499,0
15502,2
15504,0
15507,2
15511,2
15515,2
15520,0
15521,2
15522,4
15524,2
15528,0
15529,0
15533,4
15534,4
15535,2
15536,2
15537,4
15539,0
15545,4
15546,0
15550,2
15551,4
15554,0
15557,2
15558,0
15559,0
15561,2
15564,0
15566,0
15567,2
15568,0
15569,0
15571,0
15577,0
15578,4
15579,0
15582,0
15583,2
15584,2
15586,2
15588,0
15590,2
15593,2
15602,1
15604,0
15607,4
15608,0
15609,1
15610,2
15611,2
15617,1
15618,0
15622,3
15623,1
15625,0
15628,0
15631,0
15632,0
15634,3
15639,2
15642,0
15646,1
15650,0
15651,4
15652,2
15656,2
15660,0
15661,1
15665,1
15667,1
15668,2
15670,3
15673,4
15676,4
15677,0
15678,2
15680,0
15683,2
15687,3
15688,2
15690,0
15691,2
15692,0
15693,2
15696,2
15698,4
15701,4
15703,1
15709,0
15711,4
15713,0
15716,0
15718,0
15722,0
15725,0
15726,2
15727,2
15732,0
15735,1
15738,0
15741,2
15746,0
15750,0
15752,2
15756,0
15757,4
15758,4
15762,1
15767,4
15773,0
15776,3
15777,2
15780,3
15782,0
15783,0
15785,2
15786,4
15790,4
15792,0
15794,2
15797,4
15798,0
15799,0
15800,0
15801,0
15804,2
15809,3
15810,0
15812,2
15813,2
15814,0
15815,4
15818,0
15821,2
15822,0
15824,0
15825,1
15826,0
15828,1
15829,3
15830,0
15831,0
15832,0
15833,0
15834,0
15842,2
15843,0
15844,0
15845,0
15846,0
15847,4
15849,1
15852,0
15856,0
15857,2
15860,1
15861,3
15862,4
15863,0
15864,0
15865,2
15872,0
15873,2
15876,2
15877,0
15880,2
15883,0
15884,4
15885,2
15886,0
15888,4
15889,0
15891,4
15894,0
15897,0
15900,1
15903,0
15904,2
15905,4
15906,4
15912,1
15913,1
15914,2
15915,2
15916,0
15918,0
15921,4
15922,0
15925,4
15927,4
15929,0
15930,2
15931,4
15934,0
15935,4
15936,2
15937,2
15938,1
15940,2
15944,2
15946,0
15952,0
15953,2
15961,1
15963,0
15964,0
15967,4
15970,0
15972,4
15974,1
15976,2
15982,2
15987,0
15988,0
15989,4
15991,2
15992,3
15993,0
15997,0
15998,1
15999,1
16004,2
16006,1
16009,0
16010,1
16012,2
16013,0
16015,1
16016,0
16021,2
16022,0
16027,2
16028,0
16031,0
16032,2
16033,2
16035,2
16039,4
16042,0
16043,1
16046,2
16048,0
16049,0
16050,0
16055,0
16058,3
16066,0
16068,1
16069,0
16070,0
16071,4
16072,0
16074,0
16075,2
16076,4
16078,1
16079,2
16081,1
16083,0
16085,0
16086,0
16087,0
16088,4
16090,4
16091,2
16092,0
16094,0
16097,0
16098,4
16099,0
16100,2
16104,2
16108,1
16111,2
16113,2
16117,0
16118,0
16120,3
16121,2
16123,0
16126,2
16130,4
16131,3
16133,0
16135,2
16136,2
16139,4
16141,0
16148,2
16153,2
16157,2
16158,0
16159,2
16160,0
16162,1
16163,2
16165,0
16167,0
16169,4
16170,2
16172,0
16175,4
16176,0
16179,1
16180,0
16181,2
16184,0
16185,0
16186,3
16187,0
16190,4
16193,0
16195,4
16201,0
16202,1
16204,0
16205,3
16207,4
16209,4
16211,0
16212,2
16213,0
16214,2
16216,2
16217,4
16219,3
16221,2
16222,2
16223,4
16227,2
16229,0
16231,1
16236,3
16237,2
16240,0
16242,2
16247,2
16248,2
16250,2
16251,0
16252,3
16257,4
16261,2
16262,0
16263,2
16265,1
16269,3
16270,4
16272,2
16276,2
16277,1
16283,4
16284,3
16286,0
16287,2
16291,2
16292,3
16296,3
16298,0
16299,4
16302,4
16304,4
16310,2
16311,2
16312,0
16314,2
16315,0
16322,0
16324,1
16326,1
16327,4
16338,0
16344,0
16345,0
16346,2
16348,2
16349,2
16354,2
16355,4
16357,0
16361,4
16367,0
16368,0
16369,0
16372,0
16377,0
16379,4
16380,3
16381,2
16382,3
16384,3
16389,2
16391,0
16392,0
16399,0
16400,0
16401,1
16402,2
16405,4
16406,4
16410,0
16412,0
16413,4
16415,4
16416,0
16419,2
16424,4
16425,0
16428,1
16429,2
16430,4
16431,0
16436,2
16437,0
16440,4
16443,0
16444,0
16445,0
16446,2
16447,2
16449,1
16450,2
16451,1
16452,3
16453,3
16454,0
16458,4
16465,4
16466,0
16471,0
16477,2
16478,0
16480,0
16484,1
16488,0
16491,4
16492,0
16494,3
16498,0
16501,0
16507,0
16512,0
16513,1
16514,0
16515,2
16516,1
16517,2
16526,3
16527,0
16530,0
16532,1
16533,1
16535,3
16537,1
16538,3
16539,4
16541,0
16543,4
16546,2
16547,3
16548,0
16549,1
16550,4
16555,0
16558,2
16560,0
16561,0
16562,2
16565,1
16567,2
16569,0
16571,0
16578,2
16582,2
16584,3
16586,0
16589,0
16591,4
16599,2
16601,0
16602,1
16603,0
16605,0
16609,2
16610,0
16612,2
16619,4
16621,0
16624,4
16628,4
16630,4
16631,0
16636,3
16637,2
16638,0
16641,0
16643,0
16644,0
16647,0
16649,2
16650,2
16652,2
16658,0
16659,2
16660,3
16661,2
16665,0
16669,1
16674,0
16675,2
16677,2
16678,4
16680,2
16681,4
16682,0
16683,0
16685,0
16687,0
16688,2
16690,0
16694,0
16695,2
16696,1
16697,3
16698,0
16699,4
16703,4
16704,1
16705,1
16706,2
16709,0
16710,2
16712,0
16717,0
16720,0
16724,4
16725,0
16726,0
16728,0
16731,4
16734,0
16739,3
16740,2
16745,0
16746,0
16747,0
16749,1
16752,0
16753,0
16756,2
16760,0
16761,4
16762,4
16763,0
16771,0
16774,0
16776,3
16780,0
16784,2
16785,4
16787,2
16788,4
16790,4
16791,3
16792,3
16796,2
16798,4
16800,2
16802,0
16804,2
16805,2
16808,2
16812,2
16814,2
16816,0
16817,1
16818,0
16819,4
16820,0
16822,0
16824,0
16826,2
16828,0
16829,4
16832,0
16833,4
16835,0
16836,4
16840,0
16843,2
16844,4
16845,0
16846,2
16847,4
16848,2
16850,2
16851,4
16853,1
16859,0
16861,2
16862,2
16864,2
16866,0
16867,0
16868,0
16869,0
16872,1
16873,2
16874,2
16875,2
16881,0
16883,0
16884,4
16885,2
16886,4
16887,2
16888,2
16891,2
16892,1
16893,0
16895,0
16896,4
16897,0
16898,2
16900,0
16901,0
16906,0
16908,4
16912,0
16914,0
16918,2
16920,2
16922,0
16924,0
16927,1
16930,0
16931,2
16937,2
16940,1
16941,2
16944,4
16947,0
16949,2
16950,0
16951,0
16953,0
16962,3
16963,2
16966,0
16968,2
16969,0
16971,0
16972,2
16973,0
16974,2
16975,2
16976,4
16978,2
16983,2
16984,1
16986,2
16988,4
16991,3
16993,4
16995,0
16999,2
17002,0
17004,0
17008,2
17010,1
17013,2
17014,0
17015,4
17016,3
17018,2
17020,2
17021,0
17022,0
17025,2
17026,1
17029,0
17030,0
17031,2
17032,2
17033,0
17034,0
17037,1
17038,3
17040,0
17041,0
17042,0
17046,4
17048,0
17049,2
17050,3
17052,2
17056,4
17057,2
17061,4
17064,4
17067,1
17069,3
17070,2
17072,3
17075,2
17076,0
17077,0
17079,0
17080,1
17081,0
17082,2
17083,0
17085,4
17086,1
17087,1
17088,0
17089,1
17090,0
17091,1
17099,2
17105,2
17106,2
17107,3
17112,4
17113,2
17114,3
17116,2
17117,0
17121,0
17124,0
17125,0
17128,2
17131,4
17132,2
17136,2
17138,0
17142,2
17146,2
17154,0
17157,2
17160,0
17162,2
17163,0
17164,0
17165,2
17168,4
17173,0
17177,0
17182,0
17183,0
17184,0
17185,2
17189,2
17191,2
17196,0
17198,1
17199,0
17200,0
17204,0
17206,2
17207,2
17209,0
17214,2
17217,2
17218,2
17219,1
17224,2
17225,0
17232,2
17233,0
17235,3
17236,2
17237,0
17238,0
17242,4
17247,1
17248,0
17251,4
17253,0
17255,0
17257,2
17259,2
17267,0
17271,3
17272,0
17274,0
17276,4
17279,2
17280,1
17285,4
17287,1
17291,2
17292,0
17293,4
17294,2
17296,2
17301,0
17302,0
17304,1
17306,0
17309,4
17310,4
17311,0
17312,0
17313,2
17324,4
17327,4
17329,2
17333,2
17334,4
17335,3
17338,0
17341,0
17343,1
17344,3
17345,2
17347,3
17348,1
17349,0
17350,2
17352,0
17355,2
17360,4
17362,4
17363,0
17364,1
17369,0
17371,0
17374,0
17375,0
17378,0
17380,4
17381,2
17386,4
17389,2
17390,0
17391,2
17398,0
17399,0
17401,2
17402,0
17403,2
17405,2
17406,2
17408,1
17409,4
17410,3
17411,0
17414,0
17415,1
17416,2
17417,0
17418,2
17419,2
17420,0
17421,0
17422,1
17424,2
17425,0
17426,0
17427,2
17428,0
17429,0
17431,2
17434,4
17440,1
17443,2
17447,2
17448,0
17451,0
17452,2
17453,0
17456,0
17459,0
17460,2
17461,2
17465,0
17470,0
17472,2
17473,2
17474,2
17476,0
17480,0
17481,0
17482,0
17483,2
17485,2
17490,4
17493,0
17494,0
17496,0
17499,0
17501,0
17502,4
17504,2
17506,0
17507,0
17508,2
17510,0
17512,4
17514,4
17517,0
17518,0
17522,1
17523,0
17528,4
17529,3
17531,2
17532,2
17534,0
17536,2
17537,1
17541,0
17543,4
17546,0
17548,0
17549,1
17553,2
17555,0
17558,4
17562,1
17565,0
17570,4
17578,0
17579,1
17582,1
17585,4
17586,1
17587,0
17589,2
17590,3
17594,0
17601,1
17603,4
17604,1
17607,2
17608,0
17613,0
17615,4
17616,4
17619,0
17621,1
17624,0
17625,2
17627,0
17631,4
17632,4
17634,1
17637,3
17638,1
17639,1
17640,4
17644,2
17647,2
17649,0
17652,0
17653,4
17655,0
17657,2
17659,1
17662,0
17664,2
17665,2
17667,2
17669,0
17670,4
17671,2
17673,0
17676,1
17677,4
17678,2
17684,2
17686,4
17689,0
17691,0
17693,2
17696,0
17697,0
17698,2
17700,2
17701,2
17703,0
17704,0
17706,2
17707,1
17709,2
17713,0
17714,0
17715,1
17717,2
17718,2
17720,0
17722,2
17726,1
17727,2
17731,2
17732,2
17734,0
17735,0
17736,2
17738,2
17741,2
17743,2
17745,2
17746,2
17755,0
17757,2
17758,0
17760,2
17765,2
17769,0
17770,1
17771,0
17773,2
17774,0
17775,0
17776,0
17777,1
17780,2
17781,2
17785,0
17787,4
17788,0
17791,2
17794,2
17795,0
17799,0
17800,2
17801,3
17803,2
17804,0
17807,0
17808,4
17809,0
17813,2
17816,0
17822,2
17824,2
17825,0
17826,2
17829,2
17830,0
17831,2
17832,1
17833,0
17835,2
17836,2
17840,2
17845,2
17846,0
17849,0
17852,2
17854,0
17855,4
17856,0
17860,0
17861,0
17862,2
17863,2
17866,2
17867,0
17869,2
17875,0
17877,1
17879,0
17883,0
17886,2
17887,0
17891,0
17894,4
17897,2
17900,2
17902,2
17903,2
17905,0
17907,0
17910,4
17915,1
17918,2
17919,2
17922,3
17923,2
17924,1
17925,2
17927,4
17930,2
17931,2
17932,4
17935,3
17937,0
17940,3
17941,0
17945,0
17948,0
17949,2
17950,4
17953,0
17959,4
17961,0
17963,2
17968,0
17969,2
17970,0
17971,2
17973,0
17974,2
17976,2
17983,0
17984,0
17987,0
17989,2
17991,0
17993,2
17996,4
17997,2
18003,2
18004,0
18006,0
18009,0
18012,2
18015,0
18018,0
18019,2
18020,2
18024,0
18025,0
18026,0
18027,0
18028,2
18030,2
18032,0
18036,2
18037,0
18039,3
18040,0
18046,2
18049,3
18050,4
18055,1
18058,4
18061,0
18062,0
18064,0
18067,0
18069,0
18070,2
18071,2
18072,0
18073,2
18074,4
18078,0
18087,2
18095,0
18096,2
18097,4
18103,0
18105,0
18106,2
18108,1
18109,4
18113,2
18115,2
18120,2
18122,0
18123,0
18124,0
18127,0
18129,4
18131,1
18133,0
18137,4
18140,2
18141,4
18142,0
18143,2
18146,0
18148,0
18149,0
18150,0
18153,2
18154,4
18155,4
18156,4
18159,2
18160,0
18163,4
18164,0
18165,0
18168,0
18172,0
18175,2
18176,2
18177,2
18183,0
18184,0
18185,2
18189,0
18190,4
18193,0
18194,0
18195,0
18196,4
18197,3
18198,0
18200,0
18202,0
18203,4
18205,0
18212,4
18213,0
18218,0
18221,0
18225,0
18226,2
18227,2
18231,0
18234,2
18237,0
18239,0
18241,0
18244,4
18247,1
18251,4
18252,2
18253,2
18255,0
18258,2
18260,4
18264,0
18268,2
18269,2
18271,0
18274,0
18276,3
18277,2
18278,4
18280,0
18282,0
18285,4
18286,0
18292,0
18295,4
18297,0
18298,2
18301,2
18302,2
18303,4
18304,0
18305,0
18307,1
18308,2
18309,2
18310,0
18311,0
18312,2
18314,1
18316,0
18318,2
18319,3
18322,1
18324,0
18325,4
18327,2
18331,0
18332,0
18334,2
18336,0
18337,1
18338,3
18339,3
18342,4
18343,4
18344,0
18348,0
18351,0
18354,2
18355,2
18358,2
18362,4
18363,0
18364,3
18365,4
18366,0
18367,4
18369,4
18372,0
18373,4
18377,0
18382,0
18389,2
18392,4
18393,0
18394,2
18396,2
18397,2
18398,0
18401,0
18404,2
18407,1
18409,2
18410,0
18411,0
18412,0
18413,0
18417,2
18418,0
18420,0
18421,4
18422,4
18426,4
18427,0
18428,4
18429,0
18430,0
18431,0
18437,1
18438,4
18439,0
18440,0
18444,0
18445,4
18446,1
18448,1
18449,0
18450,4
18453,2
18458,2
18463,1
18465,0
18466,0
18467,1
18470,4
18476,4
18477,2
18478,0
18481,0
18482,2
18483,0
18484,2
18487,4
18488,4
18489,4
18490,0
18491,1
18495,0
18498,2
18503,0
18507,4
18508,4
18509,0
18510,0
18511,0
18512,2
18513,0
18515,2
18516,0
18517,2
18518,0
18519,0
18521,0
18526,1
18529,0
18531,4
18537,0
18540,0
18541,2
18542,1
18543,0
18544,1
18545,4
18547,0
18549,2
18550,2
18555,1
18557,2
18559,0
18562,0
18564,0
18566,0
18569,0
18570,1
18572,0
18573,0
18584,2
18585,2
18587,2
18588,0
18589,0
18590,0
18593,0
18594,3
18597,2
18599,4
18603,4
18607,0
18614,0
18615,0
18618,0
18619,0
18620,0
18622,4
18623,4
18625,0
18627,1
18629,2
18630,2
18633,0
18634,0
18635,0
18636,2
18638,1
18640,2
18641,0
18642,0
18643,0
18645,2
18646,4
18649,0
18650,2
18652,0
18653,0
18654,0
18657,4
18658,4
18659,0
18661,2
18663,0
18666,0
18668,4
18670,0
18675,0
18677,0
18678,4
18679,0
18680,4
18684,4
18686,0
18689,4
18691,4
18692,0
18693,2
18695,2
18703,0
18706,0
18707,1
18710,2
18711,4
18715,4
18716,4
18719,4
18723,4
18727,4
18732,2
18733,0
18735,0
18739,0
18741,1
18742,2
18743,0
18744,4
18745,1
18747,0
18748,0
18749,2
18751,2
18759,4
18760,4
18767,0
18768,2
18770,2
18771,4
18774,3
18775,0
18777,0
18778,0
18780,0
18783,0
18786,4
18788,0
18789,2
18790,0
18795,0
18796,0
18797,0
18798,0
18802,0
18803,2
18807,0
18809,0
18814,0
18815,0
18816,4
18818,0
18819,0
18820,0
18825,0
18828,0
18830,0
18832,4
18836,0
18837,2
18838,0
18840,0
18842,0
18844,0
18845,0
18846,0
18848,0
18851,0
18857,0
18859,2
18860,0
18863,0
18865,2
18866,4
18868,0
18872,0
18873,0
18875,0
18878,2
18879,3
18880,0
18881,0
18882,2
18884,0
18885,0
18889,4
18892,0
18893,0
18902,4
18903,0
18904,0
18905,2
18908,1
18909,3
18910,4
18916,1
18919,0
18921,2
18922,0
18924,2
18926,0
18927,2
18928,0
18930,4
18933,0
18935,0
18936,4
18940,0
18944,2
18946,2
18947,1
18950,4
18955,0
18957,0
18958,4
18959,2
18962,0
18963,0
18967,0
18968,0
18971,2
18974,0
18979,0
18981,3
18982,0
18985,2
18987,4
18989,4
18990,0
18992,2
18996,0
18997,0
19000,4
19005,0
19007,0
19009,4
19010,0
19011,2
19012,0
19013,2
19017,2
19020,0
19021,2
19027,2
19029,0
19032,0
19034,1
19037,0
19038,4
19040,0
19041,2
19043,0
19045,0
19048,0
19049,0
19056,4
19057,2
19058,2
19060,4
19061,2
19064,2
19068,2
19069,0
19072,4
19074,2
19087,0
19089,3
19090,2
19092,4
19098,0
19101,2
19102,4
19104,0
19106,0
19110,1
19111,1
19114,2
19116,1
19121,1
19122,4
19123,4
19126,0
19129,2
19130,1
19131,0
19132,0
19134,2
19140,0
19144,0
19145,1
19147,4
19149,0
19154,2
19155,2
19156,0
19157,2
19158,0
19160,2
19161,0
19163,0
19165,0
19172,4
19173,0
19177,1
19178,3
19182,0
19185,4
19187,0
19191,4
19192,4
19193,0
19197,1
19198,4
19204,3
19205,1
19206,4
19210,1
19220,1
19242,4
19246,4
19247,0
19248,2
19249,4
19254,0
19255,0
19257,0
19261,0
19264,2
19266,0
19267,4
19271,1
19272,2
19274,0
19275,2
19277,4
19280,0
19287,0
19290,0
19292,0
19293,2
19298,3
19299,0
19305,4
19306,3
19307,0
19308,2
19311,2
19313,2
19314,1
19316,3
19318,4
19319,1
19320,2
19328,4
19329,0
19337,0
